{"cameraMode":{"drawMode":0,"name":"Shaded","section":"Shading Mode"},"sceneLighting":true,"audioPlay":false,"sceneViewState":{"m_AlwaysRefresh":false,"showFog":true,"showSkybox":true,"showFlares":true,"showImageEffects":true,"showParticleSystems":true,"showVisualEffectGraphs":true,"m_FxEnabled":true},"in2DMode":false,"pivot":{"x":-2.584446668624878,"y":-0.14965522289276124,"z":0.35144031047821047},"rotation":{"x":-0.013747221790254116,"y":0.954815149307251,"z":-0.04472741112112999,"w":-0.2934762239456177},"size":4.4965620040893559,"orthographic":false}